Unnamed: 0_level_0_Rk,Unnamed: 1_level_0_Gtm,Unnamed: 2_level_0_Date,Unnamed: 3_level_0_Unnamed: 3_level_1,Unnamed: 4_level_0_Opp,Unnamed: 5_level_0_Type,Score_Rslt,Score_Tm,Score_Opp,Score_OT,Team_FG,Team_FGA,Team_FG%,Team_3P,Team_3PA,Team_3P%,Team_2P,Team_2PA,Team_2P%,Team_eFG%,Team_FT,Team_FTA,Team_FT%,Team_ORB,Team_DRB,Team_TRB,Team_AST,Team_STL,Team_BLK,Team_TOV,Team_PF,Opponent_FG,Opponent_FGA,Opponent_FG%,Opponent_3P,Opponent_3PA,Opponent_3P%,Opponent_2P,Opponent_2PA,Opponent_2P%,Opponent_eFG%,Opponent_FT,Opponent_FTA,Opponent_FT%,Opponent_ORB,Opponent_DRB,Opponent_TRB,Opponent_AST,Opponent_STL,Opponent_BLK,Opponent_TOV,Opponent_PF,team
1,1,2024-11-04,,Chattanooga,REG (Non-Conf),W,77,51,,32,64,.500,8,25,.320,24,39,.615,.563,5,7,.714,8,24,32,21,9,3,9,17,15,54,.278,6,34,.176,9,20,.450,.333,15,19,.789,11,20,31,13,6,2,13,13,southern-california
2,2,2024-11-07,,Idaho State,REG (Non-Conf),W,75,69,,24,56,.429,5,20,.250,19,36,.528,.473,22,34,.647,9,14,23,20,6,3,6,23,21,45,.467,4,12,.333,17,33,.515,.511,23,30,.767,9,25,34,12,0,5,17,26,southern-california
3,3,2024-11-13,,UT Arlington,REG (Non-Conf),W,98,95,,35,63,.556,6,18,.333,29,45,.644,.603,22,27,.815,3,19,22,22,6,3,10,21,30,53,.566,16,24,.667,14,29,.483,.717,19,23,.826,2,24,26,24,5,0,16,26,southern-california
4,4,2024-11-17,,California,REG (Non-Conf),L,66,71,,25,57,.439,6,21,.286,19,36,.528,.491,10,14,.714,7,20,27,10,4,1,10,16,27,55,.491,7,21,.333,20,34,.588,.555,10,13,.769,7,23,30,10,4,4,13,17,southern-california
5,5,2024-11-20,,San Jose State,REG (Non-Conf),W,82,68,,32,56,.571,10,22,.455,22,34,.647,.661,8,9,.889,8,26,34,23,6,3,10,11,26,62,.419,11,23,.478,15,39,.385,.508,5,7,.714,10,16,26,18,7,1,9,10,southern-california
6,6,2024-11-24,,Grambling State,REG (Non-Conf),W,80,69,,25,50,.500,7,21,.333,18,29,.621,.570,23,33,.697,9,22,31,17,6,2,13,13,25,55,.455,7,22,.318,18,33,.545,.518,12,14,.857,6,22,28,14,9,3,12,24,southern-california
7,7,2024-11-28,N,St. Mary's (CA),REG (Non-Conf),L,36,71,,13,50,.260,0,12,.000,13,38,.342,.260,10,12,.833,4,16,20,6,4,3,10,13,30,59,.508,3,14,.214,27,45,.600,.534,8,12,.667,9,33,42,13,6,4,10,14,southern-california
8,8,2024-11-30,N,New Mexico,REG (Non-Conf),L,73,83,,27,55,.491,7,17,.412,20,38,.526,.555,12,18,.667,6,23,29,13,11,0,15,18,30,58,.517,7,21,.333,23,37,.622,.578,16,24,.667,9,19,28,17,8,5,14,14,southern-california
9,9,2024-12-04,,Oregon,REG (Conf),L,60,68,,19,55,.345,2,13,.154,17,42,.405,.364,20,26,.769,9,21,30,9,6,5,13,21,21,55,.382,8,23,.348,13,32,.406,.455,18,24,.750,11,19,30,13,9,7,14,21,southern-california
10,10,2024-12-07,@,Washington,REG (Conf),W,85,61,,32,50,.640,7,16,.438,25,34,.735,.710,14,17,.824,2,28,30,12,6,7,12,18,22,56,.393,5,19,.263,17,37,.459,.438,12,21,.571,9,15,24,13,4,1,14,17,southern-california
11,11,2024-12-15,,Montana State,REG (Non-Conf),W,89,63,,32,63,.508,6,18,.333,26,45,.578,.556,19,24,.792,8,33,41,18,9,6,11,23,20,61,.328,5,22,.227,15,39,.385,.369,18,25,.720,4,19,23,13,6,2,11,18,southern-california
12,12,2024-12-18,,Cal State Northridge,REG (Non-Conf),W,90,69,,23,49,.469,12,19,.632,11,30,.367,.592,32,39,.821,6,22,28,18,6,2,11,16,24,59,.407,5,20,.250,19,39,.487,.449,16,19,.842,11,20,31,12,8,5,15,27,southern-california
13,13,2024-12-22,,Southern,REG (Non-Conf),W,82,51,,24,50,.480,6,17,.353,18,33,.545,.540,28,35,.800,7,28,35,17,11,6,14,15,17,52,.327,2,19,.105,15,33,.455,.346,15,22,.682,7,15,22,8,8,1,18,25,southern-california
14,14,2025-01-04,,Michigan,REG (Conf),L,74,85,,27,62,.435,6,18,.333,21,44,.477,.484,14,22,.636,9,17,26,19,5,2,12,21,29,55,.527,10,24,.417,19,31,.613,.618,17,21,.810,7,24,31,19,8,7,13,21,southern-california
15,15,2025-01-08,@,Indiana,REG (Conf),L,69,82,,25,61,.410,6,26,.231,19,35,.543,.459,13,18,.722,6,25,31,15,5,4,7,20,29,66,.439,6,21,.286,23,45,.511,.485,18,23,.783,7,24,31,17,4,3,6,13,southern-california
16,16,2025-01-11,@,Illinois,REG (Conf),W,82,72,,34,65,.523,5,14,.357,29,51,.569,.562,9,11,.818,7,25,32,11,7,1,14,19,23,62,.371,7,32,.219,16,30,.533,.427,19,21,.905,10,24,34,13,6,4,15,15,southern-california
17,17,2025-01-14,,Iowa,REG (Conf),W,99,89,,37,57,.649,10,15,.667,27,42,.643,.737,15,25,.600,9,26,35,27,4,2,11,14,32,60,.533,11,24,.458,21,36,.583,.625,14,19,.737,4,14,18,20,8,3,8,20,southern-california
18,18,2025-01-18,,Wisconsin,REG (Conf),L,69,84,,26,53,.491,6,15,.400,20,38,.526,.547,11,17,.647,6,18,24,13,6,0,15,18,31,55,.564,9,28,.321,22,27,.815,.645,13,15,.867,4,18,22,17,8,1,11,14,southern-california
19,19,2025-01-22,@,Nebraska,REG (Conf),W,78,73,,27,61,.443,6,21,.286,21,40,.525,.492,18,22,.818,12,18,30,12,8,1,9,16,27,55,.491,5,24,.208,22,31,.710,.536,14,17,.824,4,25,29,12,6,4,11,18,southern-california
20,20,2025-01-27,,UCLA,REG (Conf),L,76,82,,27,55,.491,11,31,.355,16,24,.667,.591,11,19,.579,9,15,24,17,4,0,10,18,28,51,.549,6,16,.375,22,35,.629,.608,20,25,.800,7,20,27,14,6,5,8,18,southern-california
21,21,2025-02-01,,Michigan State,REG (Conf),W,70,64,,24,57,.421,7,22,.318,17,35,.486,.482,15,19,.789,10,19,29,9,2,2,9,20,24,57,.421,5,15,.333,19,42,.452,.465,11,19,.579,9,22,31,16,5,3,12,17,southern-california
22,22,2025-02-04,@,Northwestern,REG (Conf),L,75,77,,26,51,.510,9,18,.500,17,33,.515,.598,14,21,.667,6,20,26,15,2,4,9,20,27,66,.409,6,19,.316,21,47,.447,.455,17,23,.739,19,19,38,14,3,2,6,18,southern-california
23,23,2025-02-07,@,Purdue,REG (Conf),L,72,90,,26,63,.413,4,26,.154,22,37,.595,.444,16,29,.552,11,17,28,10,6,5,10,22,33,66,.500,6,26,.231,27,40,.675,.545,18,26,.692,15,28,43,19,8,2,10,24,southern-california
24,24,2025-02-11,,Penn State,REG (Conf),W,92,67,,33,49,.673,12,16,.750,21,33,.636,.796,14,17,.824,3,23,26,23,7,3,15,22,21,49,.429,7,26,.269,14,23,.609,.500,18,28,.643,8,14,22,10,7,2,14,20,southern-california
25,25,2025-02-15,,Minnesota,REG (Conf),L,66,69,,21,48,.438,9,15,.600,12,33,.364,.531,15,18,.833,6,20,26,14,4,7,14,19,25,57,.439,5,18,.278,20,39,.513,.482,14,20,.700,11,21,32,14,10,3,10,17,southern-california
26,26,2025-02-20,@,Maryland,REG (Conf),L,71,88,,29,63,.460,7,22,.318,22,41,.537,.516,6,8,.750,2,22,24,13,7,3,9,16,31,63,.492,8,20,.400,23,43,.535,.556,18,21,.857,8,32,40,14,8,4,9,9,southern-california
27,27,2025-02-23,@,Rutgers,REG (Conf),L,85,95,,34,66,.515,7,15,.467,27,51,.529,.568,10,14,.714,15,15,30,10,8,2,16,21,30,54,.556,9,20,.450,21,34,.618,.639,26,28,.929,10,15,25,16,10,8,13,15,southern-california
28,28,2025-02-26,,Ohio State,REG (Conf),L,82,87,,27,45,.600,7,18,.389,20,27,.741,.678,21,26,.808,3,15,18,21,6,1,13,21,27,50,.540,11,20,.550,16,30,.533,.650,22,26,.846,5,10,15,18,7,3,11,22,southern-california
29,29,2025-03-01,@,Oregon,REG (Conf),L,61,82,,21,61,.344,5,22,.227,16,39,.410,.385,14,18,.778,15,22,37,9,11,9,16,12,32,67,.478,10,27,.370,22,40,.550,.552,8,10,.800,13,22,35,15,13,7,12,18,southern-california
30,30,2025-03-05,,Washington,REG (Conf),W,92,61,,31,55,.564,15,26,.577,16,29,.552,.700,15,16,.938,6,24,30,24,11,1,10,17,22,51,.431,9,23,.391,13,28,.464,.520,8,14,.571,4,17,21,21,5,2,16,19,southern-california
31,31,2025-03-08,@,UCLA,REG (Conf),L,63,90,,21,49,.429,6,19,.316,15,30,.500,.490,15,18,.833,9,16,25,11,8,4,20,11,37,60,.617,10,22,.455,27,38,.711,.700,6,9,.667,6,18,24,28,12,3,12,12,southern-california
Rk,Gtm,Date,,Opp,Type,Rslt,Tm,Opp,OT,FG,FGA,FG%,3P,3PA,3P%,2P,2PA,2P%,eFG%,FT,FTA,FT%,ORB,DRB,TRB,AST,STL,BLK,TOV,PF,FG,FGA,FG%,3P,3PA,3P%,2P,2PA,2P%,eFG%,FT,FTA,FT%,ORB,DRB,TRB,AST,STL,BLK,TOV,PF,southern-california
32,32,2025-03-12,N,Rutgers,CTOURN,W,97,89,2OT,31,60,.517,10,23,.435,21,37,.568,.600,25,31,.806,9,27,36,19,6,0,18,15,33,77,.429,6,30,.200,27,47,.574,.468,17,22,.773,13,21,34,21,9,5,11,20,southern-california
33,33,2025-03-13,N,Purdue,CTOURN,L,71,76,,27,62,.435,7,24,.292,20,38,.526,.492,10,14,.714,14,17,31,12,3,3,10,22,26,55,.473,9,23,.391,17,32,.531,.555,15,23,.652,12,19,31,13,2,2,9,15,southern-california
Rk,Gtm,Date,,Opp,Type,Rslt,Tm,Opp,OT,FG,FGA,FG%,3P,3PA,3P%,2P,2PA,2P%,eFG%,FT,FTA,FT%,ORB,DRB,TRB,AST,STL,BLK,TOV,PF,FG,FGA,FG%,3P,3PA,3P%,2P,2PA,2P%,eFG%,FT,FTA,FT%,ORB,DRB,TRB,AST,STL,BLK,TOV,PF,southern-california
34,34,2025-04-01,N,Tulane,CBC,W,89,60,,35,55,.636,9,18,.500,26,37,.703,.718,10,17,.588,4,34,38,21,7,7,14,17,19,56,.339,7,22,.318,12,34,.353,.402,15,22,.682,5,18,23,10,11,1,14,16,southern-california
35,35,2025-04-03,N,Villanova,CBC,L,59,60,,25,59,.424,5,24,.208,20,35,.571,.466,4,7,.571,5,28,33,10,4,2,8,12,22,58,.379,9,25,.360,13,33,.394,.457,7,11,.636,8,28,36,9,4,2,8,15,southern-california
,,,,,,17-18,2685,2611,,957,1975,.485,251,687,.365,706,1288,.548,.548,520,702,.741,262,759,1021,541,221,107,413,618,916,2014,.455,257,779,.330,659,1235,.534,.519,522,696,.750,294,723,1017,530,240,116,415,628,southern-california
